{
  "Decision Tree": {
    "accuracy": 0.8159203980099502,
    "macro_precision": 0.8194818630514904,
    "macro_recall": 0.8123452189175543,
    "macro_f1": 0.8147878717502538,
    "cv_accuracy_mean": 0.8237682021784763
  },
  "Random Forest": {
    "accuracy": 0.8756218905472637,
    "macro_precision": 0.875897637064211,
    "macro_recall": 0.8735982878240218,
    "macro_f1": 0.8742438461380138,
    "cv_accuracy_mean": 0.8891533473275924
  },
  "KNN": {
    "accuracy": 0.6699834162520729,
    "macro_precision": 0.6738841150495286,
    "macro_recall": 0.669103258183528,
    "macro_f1": 0.6709642910844561,
    "cv_accuracy_mean": 0.6744125441452758
  }
}